INSERT INTO DONOR
(VOTER_ID, DONOR_TIN)
VALUES 
(1, '11234');

INSERT INTO DONOR
(VOTER_ID, DONOR_TIN, POTENTIAL_LARGE_DONOR_FLAG)
VALUES 
(2, '88992', 'Y');

INSERT INTO DONOR
(VOTER_ID, DONOR_TIN, POTENTIAL_LARGE_DONOR_FLAG)
VALUES 
(3, '22323', 'N');

INSERT INTO DONATION
(VOTER_ID, DONATION_DATE, AMOUNT)
VALUES 
(2, TO_DATE('2015/11/10', 'yyyy/mm/dd'), 300 );

INSERT INTO DONATION
(VOTER_ID, DONATION_DATE, AMOUNT)
VALUES 
(2, TO_DATE('2015/11/8', 'yyyy/mm/dd') , 300);

INSERT INTO DONATION
(VOTER_ID, DONATION_DATE, AMOUNT)
VALUES 
(3 ,TO_DATE('2015/10/2', 'yyyy/mm/dd'), 50);

INSERT INTO CANDIDATE_PROPOSITION
(CANDIDATE_ID, PROPOSITION_ID)
VALUES 
('C1','P1');

INSERT INTO CANDIDATE_PROPOSITION
(CANDIDATE_ID, PROPOSITION_ID)
VALUES 
('C1','P2');

INSERT INTO CANDIDATE_PROPOSITION
(CANDIDATE_ID, PROPOSITION_ID)
VALUES 
('C1','P3');

INSERT INTO CANDIDATE_PROPOSITION
(CANDIDATE_ID, PROPOSITION_ID)
VALUES 
('C2','P2');

INSERT INTO CANDIDATE_PROPOSITION
(CANDIDATE_ID, PROPOSITION_ID)
VALUES 
('C2', 'P3');

INSERT INTO CANDIDATE_PROPOSITION
(CANDIDATE_ID, PROPOSITION_ID)
VALUES 
('C3', 'P3');

INSERT INTO VOTER_PROPOSITION
(VOTER_ID, PROPOSITION_ID)
VALUES 
(1,'P1');

INSERT INTO VOTER_PROPOSITION
(VOTER_ID, PROPOSITION_ID)
VALUES 
(2, 'P1');

INSERT INTO VOTER_PROPOSITION
(VOTER_ID, PROPOSITION_ID)
VALUES 
(3, 'P3');

INSERT INTO VOTER_PROPOSITION
(VOTER_ID, PROPOSITION_ID)
VALUES 
(2, 'P2');

INSERT INTO VOTER_CATEGORY
(VOTER_ID, CATEGORY_ID)
VALUES 
(1, '124');

INSERT INTO VOTER_CATEGORY
(VOTER_ID, CATEGORY_ID)
VALUES 
(1, '125');

INSERT INTO VOTER_CATEGORY
(VOTER_ID, CATEGORY_ID)
VALUES 
(3, '126');

INSERT INTO VOTER_CATEGORY
(VOTER_ID, CATEGORY_ID)
VALUES 
(2, '125');

INSERT INTO DONOR_RELATIONSHIP
(DONOR_ID, RELATED_VOTER_ID)
VALUES 
('11234', 2);

INSERT INTO STAFF_ITINERARY
(LOCATION, CONTACT_PHONE, EVENT_DATE, EVENT_TIME, DURATION, STAFFER_NAME, EVENT)
VALUES 
('California', '4567893456', TO_DATE('2015/11/15', 'yyyy/mm/dd'), TO_TIMESTAMP('2015/11/15 08:00:00', 'YYYY/MM/DD HH:MI:SS'), 16, 'Frazzled', 'Some Event');

INSERT INTO STAFF_ITINERARY
(LOCATION, CONTACT_PHONE, EVENT_DATE, EVENT_TIME, DURATION, STAFFER_NAME, EVENT)
VALUES 
('Washington', '5567893456', TO_DATE('2015/11/20', 'yyyy/mm/dd'), TO_TIMESTAMP('2015/11/20 09:00:00', 'YYYY/MM/DD HH:MI:SS'), 16, 'Devious', 'Some Other Event');

INSERT INTO VENDOR_PAYMENT 
(VENDOR_ID, NAME, PAYMENT_DATE, AMOUNT) 
VALUES
('V12345', 'Awesome Vendor', TO_DATE('2015/11/15', 'yyyy/mm/dd'), 505);

INSERT INTO VENDOR_PAYMENT 
(VENDOR_ID, NAME, PAYMENT_DATE, AMOUNT) 
VALUES
('V12345', 'Awesome Vendor', TO_DATE('2015/11/12', 'yyyy/mm/dd'), 400);

INSERT INTO VENDOR_PAYMENT 
(VENDOR_ID, NAME, PAYMENT_DATE, AMOUNT) 
VALUES
('V12346', 'Nice Vendor', TO_DATE('2015/11/10', 'yyyy/mm/dd'), 1005);

INSERT INTO VENDOR_PAYMENT 
(VENDOR_ID, NAME, PAYMENT_DATE, AMOUNT) 
VALUES
('V12347', 'Great Vendor', TO_DATE('2015/10/29', 'yyyy/mm/dd'), 305);

commit;